name,type,rarity,baseAttack,subStat,passiveDesc
A Thousand Floating Dreams,Catalyst,5,44,Elemental Mastery,"Party members other than the equipping character will provide the equipping character with buffs based on whether their Elemental Type is the same as the latter or not. If their Elemental Types are the same, increase Elemental Mastery by 32. If not, increase the equipping character's DMG Bonus from their Elemental Type by 10%. Each of the aforementioned effects can have up to 3 stacks. Additionally, all nearby party members other than the equipping character will have their Elemental Mastery increased by 40. Multiple such effects from multiple such weapons can stack."
Akuoumaru,Claymore,4,42,ATK,"For every point of the entire party's combined maximum Energy capacity, the Elemental Burst DMG of the character equipping this weapon is increased by 0.12/0.15/0.18/0.21/0.24%. A maximum of 40/50/60/70/80% increased Elemental Burst DMG can be achieved this way."
Alley Hunter,Bow,4,41,Attack,"Every 4s a character is on the field, their ATK increases by 4/5/6/7/8% and their CRIT DMG increases by 4/5/6/7/8%. This effect has a maximum of 5 stacks and will not be reset if the character leaves the field, but will be cleared when the character takes DMG."
Amber Catalyst,Catalyst,3,40,Elemental Mastery,Normal Attack hits increase all Elemental DMG by 6/7.5/9/10.5/12% for 6s. Max 2 stacks.
Amenoma Kageuchi,Sword,4,41,ATK,"After casting an Elemental Skill, gain 1 Succession Seed. This effect can be triggered once every 5s. The Succession Seed lasts for 30s. Up to 3 Succession Seeds may exist simultaneously. After using an Elemental Burst, all Succession Seeds are consumed and after 2s, the character regenerates 6/7.5/9/10.5/12 Energy for each seed consumed."
Amos' Bow,Bow,5,46,ATK,"Increases Normal Attack and Aimed Shot DMG by 12/15/18/21/24%. Increases DMG from arrows shot by a further 8/10/12/14/16% for every 0.1s that the arrow is in flight, up to 0.5s. Stacks up to 5 times on each arrow."
Apprentice's Notes,Catalyst,1,23,-,-
Aqua Simulacra,Bow,5,44,CRIT DMG,"HP is increased by 16%. When there are opponents nearby, the DMG dealt by the wielder of this weapon is increased by 20%. This will take effect whether the character is on-field or not."
Aquila Favonia,Sword,5,48,Physical DMG Bonus,"ATK is increased by 20/25/30/35/40%. Triggers on taking DMG: the soul of the Falcon of the West awakens, holding the banner of the resistance aloft, regenerating HP equal to 100/115/130/145/160% of ATK and dealing 200/230/260/290/320% of ATK as DMG to surrounding enemies. This effect can only occur once every 15s."
Ballad of the Boundless Blue,Catalyst,4,44,Energy Recharge,"Within 6s after Normal or Charged Attacks hit an opponent, Normal Attack DMG will be increased by 8/10/12/14/16% and Charged Attack DMG will be increased by 6/7.5/9/10.5/12%. Max 3 stacks. This effect can be triggered once every 0.3s."
Ballad Of The Fjords,Polearm,4,42,CRIT Rate,"When there are at least 3 different Elemental Types in your party, Elemental Mastery will be increased by 120."
Beacon of the Reed Sea,Claymore,5,46,CRIT Rate,"After the character's Elemental Skill hits an opponent, their ATK will be increased by 20% for 8s. After the character takes DMG, their ATK will be increased by 20% for 8s. The 2 aforementioned effects can be triggered even when the character is not on the field. Additionally, when not protected by a shield, the character's Max HP will be increased by 32%."
Beginner's Protector,Polearm,1,23,-,-
Black Tassel,Polearm,3,38,HP,Increases DMG against slimes by 40/50/60/70/80%.
Blackcliff Agate,Catalyst,4,42,CRIT DMG,"After defeating an opponent, ATK is increased by 12% for 30s. This effect has a maximum of 3 stacks, and the duration of each stack is independent of the others."
Blackcliff Agate,Catalyst,4,42,CRIT DMG,"After defeating an enemy, ATK is increased by 12/15/18/21/24% for 30s. This effect has a maximum of 3 stacks, and the duration of each stack is independent of the others."
Blackcliff Longsword,Sword,4,44,CRIT DMG,"After defeating an enemy, ATK is increased by 12/15/18/21/24% for 30s. This effect has a maximum of 3 stacks, and the duration of each stack is independent of the others."
Blackcliff Pole,Polearm,4,42,CRIT DMG,"After defeating an enemy, ATK is increased by 12/15/18/21/24% for 30s. This effect has a maximum of 3 stacks, and the duration of each stack is independent of the others."
Blackcliff Slasher,Claymore,4,42,CRIT DMG,"After defeating an enemy, ATK is increased by 12/15/18/21/24% for 30s. This effect has a maximum of 3 stacks, and the duration of each stack is independent of the others."
Blackcliff Warbow,Bow,4,44,CRIT DMG,"After defeating an enemy, ATK is increased by 12/15/18/21/24% for 30s. This effect has a maximum of 3 stacks, and the duration of each stack is independent of the others."
Bloodtainted Greatsword,Claymore,3,38,Elemental Mastery,Increases DMG against enemies affected by Pyro or Electro by 12/15/18/21/24%.
Calamity Queller,Polearm,5,49,ATK,"Gain 12/15/18/21/24% All Elemental DMG Bonus. Obtain Consummation for 20s after using an Elemental Skill, causing ATK to increase by 3.2/4/4.8/5.6/6.4% per second. This ATK increase has a maximum of 6 stacks. When the character equipped with this weapon is not on the field, Consummation's ATK increase is doubled."
Cashflow Supervision,Catalyst,5,48,CRIT Rate,"ATK is increased by 16/20/24/28/32%. When current HP increases or decreases, Normal Attack DMG will be increased by 16/20/24/28/32% and Charged Attack DMG will be increased by 14/17.5/21/24.5/28% for 4s. Max 3 stacks. This effect can be triggered once every 0.3s. When the wielder has 3 stacks, ATK SPD will be increased by 8/10/12/14/16%."
Cinnabar Spindle,Sword,4,41,DEF,Elemental Skill DMG is increased by 40/50/60/70/80% of DEF. The effect will be triggered no more than once every 1.5s and will be cleared 0.1s after the Elemental Skill deals DMG.
Compound Bow,Bow,4,41,Physical DMG Bonus,Normal Attack and Aimed Shot hits increase ATK by 4/5/6/7/8% and Normal Attack SPD by 1.2/1.5/1.8/2.1/2.4% for 6s. Max 4 stacks. Can only occur once every 0.3s.
Cool Steel,Sword,3,39,ATK,Increases DMG against enemies affected by Hydro or Cryo by 12/15/18/21/24%.
Crane's Echoing Call,Catalyst,5,49,ATK,"After the equipping character hits an opponent with a Plunging Attack, all nearby party members' Plunging Attacks will deal 28% increased DMG for 20s. When nearby party members hit opponents with Plunging Attacks, they will restore 2.5/2.75/3/3.25/3.5 Energy to the equipping character. Energy can restored this way every 0.7s. This energy regain effect can be triggered even if the equipping character is not on the field."
Crescent Pike,Polearm,4,44,Physical DMG Bonus,"After picking up an Elemental Orb/Particle, Normal and Charged Attacks deal an additional 20% ATK as DMG for 5s."
Crimson Moon's Semblance,Polearm,5,48,CRIT Rate,"Grants a Bond of Life equal to 25% of Max HP when a Charged Attack hits an opponent. This effect can be triggered up to once every 14s. In addition, when the equipping character has a Bond of Life, they gain a 12/16/20/24/28% DMG Bonus; if the value of the Bond of Life is greater than or equal to 30% of Max HP, then gain an additional 24/32/40/48/56% DMG"
Dark Iron Sword,Sword,3,40,Elemental Mastery,"Upon causing an Overloaded, Superconduct, Electro-Charged, or an Electro-infused Swirl reaction, increases Base ATK by 20/25/30/35/40% for 12s."
Deathmatch,Polearm,4,41,CRIT Rate,"If there are at least 2 opponents nearby, ATK is increased by 16% and DEF is increased by 16%. If there are less than 2 enemies nearby, ATK is increased by 24%."
Debate Club,Claymore,3,39,ATK,"After using an Elemental Skill, Normal or Charged Attacks, on hit, deal an additional 60/75/90/105/120% ATK DMG in a small area. Effect lasts 15s. DMG can only occur once every 3s."
Dialogues of the Desert Sages,Polearm,4,42,HP,"When the wielder performs healing, restore 8 Energy. This effect can be triggered once every 10s and can occur even when the character is not on the field."
Dodoco Tales,Catalyst,4,41,ATK,Normal Attack hits on opponents increase Charged Attack DMG by 16/20/24/28/32% for 6s. Charged Attack hits on opponents increase ATK by 8/10/12/14/16% for 6s.
Dragon's Bane,Polearm,4,41,Elemental Mastery,Increases DMG against enemies affected by Hydro or Pyro by 20/24/28/32/36%.
Dragonspine Spear,Polearm,4,41,Physical DMG Bonus,"Hitting an opponent with Normal and Charged Attacks has a 60% chance of forming and dropping an Everfrost Icicle above them, dealing 80% AoE ATK DMG. Opponents affected by Cryo are dealt 200% ATK DMG. Can only occur once every 10s."
Dull Blade,Sword,1,23,-,-
Ebony Bow,Bow,3,40,ATK,Increases DMG against mechanoid Ruin enemies by 40/50/60/70/80%.
Elegy for the End,Bow,5,46,Energy Recharge,"A part of the 'Millennial Movement' that wanders amidst the winds. Increases Elemental Mastery by 60. When the Elemental Skills or Elemental Bursts of the character wielding this weapon hit opponents, that character gains a Sigil of Remembrance. This effect can be triggered once every 0.2s and can be triggered even if said character is not on the field. When you possess 4 Sigils of Remembrance, all of them will be consumed and all nearby party members will obtain the 'Millennial Movement: Farewell Song' effect for 12s. 'Millennial Movement: Farewell Song' increases Elemental Mastery by 100 and increases ATK by 20%. Once this effect is triggered, you will not gain Sigils of Remembrance for 20s. Of the many effects of the 'Millennial Movement,' buffs of the same type will not stack."
Emerald Orb,Catalyst,3,40,Elemental Mastery,"Upon causing a Vaporize, Electro-Charged, Frozen, or a Hydro-infused Swirl reaction, increases Base ATK by 20/25/30/35/40% for 12s."
End of the Line,Bow,4,42,Energy Recharge,"Triggers the Flowrider effect after using an Elemental Skill, dealing 80% ATK as AoE DMG upon hitting an opponent with an attack. Flowrider will be removed after 15s or after causing 3 instances of AoE DMG. Only 1 instance of AoE DMG can be caused every 2s in this way. Flowrider can be triggered once every 12s."
Engulfing Lightning,Polearm,5,46,Energy Recharge,ATK increased by 28/35/42/49/56% of Energy Recharge over the base 100%. You can gain a maximum bonus of 80/90/100/110/120% ATK. Gain 30/35/40/45/50% Energy Recharge for 12s after using an Elemental Burst.
Everlasting Moonglow,Catalyst,5,46,HP,"Healing Bonus increased by 10/12.5/15/17.5/20%, Normal Attack DMG is increased by 1/1.5/2/2.5/3% of the Max HP of the character equipping this weapon. For 12s after using an Elemental Burst, Normal Attacks that hit opponents will restore 0.6 Energy. Energy can be restored this way once every 0.1s."
Eye of Perception,Catalyst,4,41,ATK,"Normal and Charged Attacks have a 50% chance to fire a Bolt of Perception, dealing 240/270/300/330/360% ATK as DMG. This bolt can bounce between enemies a maximum of 4 times. This effect can occur once every 12/11/10/9/8s."
Fading Twilight,Bow,4,42,Energy Recharge,"Has three states, Evengleam, Afterglow, and Dawnblaze, which increase DMG dealt from 6%/10%/14% (R1) to 12%/20%/28% (R5) respectively. When attacks hit opponents, this weapon will switch to the next state. This weapon can change states once every 7s. The character equipping this weapon can still trigger the state switch while not on the field."
Favonius Codex,Catalyst,4,42,Energy Recharge,"CRIT hits have a 60/70/80/90/100% chance to generate 1 Elemental Orb, which will regenerate 6 Energy for the character. Can only occur once every 12/10.5/9/7.5/6s."
Favonius Greatsword,Claymore,4,41,Energy Recharge,"CRIT hits have a 60/70/80/90/100% chance to generate 1 Elemental Orb, which will regenerate 6 Energy for the character. Can only occur once every 12/10.5/9/7.5/6s."
Favonius Lance,Polearm,4,44,Energy Recharge,"CRIT hits have a 60/70/80/90/100% chance to generate 1 Elemental Orb, which will regenerate 6 Energy for the character. Can only occur once every 12/10.5/9/7.5/6s."
Favonius Sword,Sword,4,41,Energy Recharge,"CRIT hits have a 60/70/80/90/100% chance to generate 1 Elemental Orb, which will regenerate 6 Energy for the character. Can only occur once every 12/10.5/9/7.5/6s."
Favonius Warbow,Bow,4,41,Energy Recharge,"CRIT hits have a 60/70/80/90/100% chance to generate 1 Elemental Orb, which will regenerate 6 Energy for the character. Can only occur once every 12/10.5/9/7.5/6s."
Ferrous Shadow,Claymore,3,39,HP,"When HP falls below 70/75/80/85/90%, increases Charged Attack DMG by 30/35/40/45/50%, and Charged Attacks become much harder to interrupt."
Festering Desire,Sword,4,42,Energy Recharge,Increases Elemental Skill DMG by 16/20/24/28/32% and Elemental Skill CRIT Rate by 6/7.5/9/10.5/12%.
Fillet Blade,Sword,3,39,ATK,"On hit, has 50% chance to deal 240/280/320/360/400% ATK DMG to a single enemy. Can only occur once every 15/14/13/12/11s."
Finale Of The Deep,Sword,4,44,ATK,"When using an Elemental Skill, ATK will be increased by 12% for 15s, and a Bond of Life worth 25% of Max HP will be granted. This effect can be triggered once every 10s. When the Bond of Life is cleared, a maximum of 150 ATK will be gained based on 2.4% of the Bond when cleared for 15s. Bond of Life: Absorbs healing for the character based on its base value, and clears after healing equal to this value is obtained."
Fleuve Cendre Ferryman,Sword,4,42,Energy Recharge,"Increases Elemental Skill CRIT Rate by 8%. Additionally, increases Energy Recharge by 16% for 5s after using an Elemental Skill.s"
Flowing Purity,Catalyst,4,44,ATK,"When using an Elemental Skill, All Elemental DMG Bonus will be increased by 8% for 15s, and a Bond of Life worth 24% of Max HP will be granted. This effect can be triggered once every 10s. When the Bond of Life is cleared, every 1,000 HP cleared in the process will provide 2% All Elemental DMG Bonus. Up to a maximum of 12% All Elemental DMG can be gained this way. This effect lasts 15s. Bond of Life: Absorbs healing for the character based on its base value, and clears after healing equal to this value is obtained."
Forest Regalia,Claymore,4,44,Energy Recharge,"After triggering Burning, Quicken, Aggravate, Spread, Bloom, Hyperbloom, or Burgeon, a Leaf of Consciousness will be created around the character for a maximum of 10s. When picked up, the Leaf will grant the character 60 Elemental Mastery for 12s. Only 1 Leaf can be generated this way every 20s. This effect can still be triggered if the character is not on the field. The Leaf of Consciousness' effect cannot stack."
Freedom-Sworn,Sword,5,46,Elemental Mastery,"A part of the ""Millennial Movement"" that wanders amidst the winds. Increases DMG by 10%/12.5%/15%/17.5%/20%. When the character wielding this weapon triggers Elemental Reactions, they gain a Sigil of Rebellion. This effect can be triggered once every 0.5s and can be triggered even if said character is not on the field.When you possess 2 Sigils of Rebellion, all of them will be consumed and all nearby party members will obtain ""Millennial Movement: Song of Resistance"" for 12s. ""Millennial Movement: Song of Resistance"" increases Normal, Charged, and Plunging Attack DMG by 16%/20%/24%/28%/32% and increases ATK by 20%/25%/30%/35%/40%. Once this effect is triggered, you will not gain Sigils of Rebellion for 20s.Of the many effects of the ""Millennial Movement,"" buffs of the same type will not stack."
Frostbearer,Catalyst,4,42,ATK,"Hitting an opponent with Normal and Charged Attacks has a 60% chance of forming and dropping an Everfrost Icicle above them, dealing 80% AoE ATK DMG. Opponents affected by Cryo are dealt 200% ATK DMG. Can only occur once every 10s."
Fruit of Fulfillment,Catalyst,4,42,Energy Recharge,"Obtain the 'Wax and Wane' effect after an Elemental Reaction is triggered, gaining 24 Elemental Mastery while losing 5% ATK. For every 0.3s, 1 stack of Wax and Wane can be gained. Max 5 stacks. For every 6s that go by without an Elemental Reaction being triggered, 1 stack will be lost. This effect can be triggered even when the character is off-field."
Hakushin Ring,Catalyst,4,44,Energy Recharge,"After the character equipped with this weapon triggers an Electro elemental reaction, nearby party members of an Elemental Type involved in the elemental reaction receive a 10/12.5/15/17.5/20% Elemental DMG Bonus for their element, lasting 6s. Elemental Bonuses gained in this way cannot be stacked."
Halberd,Polearm,3,40,ATK,Normal Attacks deal an additional 160/200/240/280/320% DMG. Can only occur once every 10s.
Hamayumi,Bow,4,41,ATK,"Increases Normal Attack DMG by 16/20/24/28/32% and Charged Attack DMG by 12/15/18/21/24%. When the equipping character's Energy reaches 100%, this effect is increased by 100%."
Haran Geppaku Futsu,Sword,5,46,CRIT Rate,"Obtain 12/15/18/21/24% All Elemental DMG Bonus. When other nearby party members use Elemental Skills, the character equipping this weapon will gain 1 Wavespike stack. Max 2 stacks. This effect can be triggered once every 0.3s. When the character equipping this weapon uses an Elemental Skill, all stacks of Wavespike will be consumed to gain Rippling Upheaval: each stack of Wavespike consumed will increase Normal Attack DMG by 20/25/30/35/40% for 8s."
Harbinger of Dawn,Sword,3,39,CRIT DMG,"When HP is above 90%, increases CRIT Rate by 14/18/22/24/28%."
Hunter's Bow,Bow,1,23,-,-
Hunter's Path,Bow,5,44,CRIT Rate,Gain 12% All Elemental DMG Bonus. Obtain the Tireless Hunt effect after hitting an opponent with a Charged Attack. This effect increases Charged Attack DMG by 160% of Elemental Mastery. This effect will be removed after 12 Charged Attacks or 10s. Only 1 instance of Tireless Hunt can be gained every 12s.
Ibis Piercer,Bow,4,44,ATK,The character's Elemental Mastery will increase by 40/50/60/70/80 within 6s after Charged Attacks hit opponents. Max 2 stacks. This effect can triggered once every 0.5s.
Iron Point,Polearm,2,33,-,-
Iron Sting,Sword,4,42,Elemental Mastery,Dealing Elemental DMG increases all DMG by 6% for 6s. Max 2 stacks. Can only occur once every 1s.
Jadefall's Splendor,Catalyst,5,46,HP,"For 3s after using an Elemental Burst or creating a shield, the equipping character can gain the Primordial Jade Regalia effect: Restore 4.5/5/5.5/6/6.5 Energy every 2.5s, and gain 0.3/0.5/0.7/0.9/1.1% Elemental DMG Bonus for their corresponding Elemental Type for every 1,000 Max HP they possess, up to 12/20/28/36/44%. Primordial Jade Regalia will still take effect even if the equipping character is not on the field."
Kagotsurube Isshin,Sword,4,42,ATK,"When a Normal, Charged, or Plunging Attack hits an opponent, it will whip up a Hewing Gale, dealing AoE DMG equal to 180% of ATK and increasing ATK by 15% for 8s. This effect can be triggered once every 8s."
Kagura's Verity,Catalyst,5,46,CRIT DMG,"Gains the Kagura Dance effect when using an Elemental Skill, causing the Elemental Skill DMG of the character wielding this weapon to increase by 12/15/18/21/24% for 16s. Max 3 stacks. This character will gain 12/15/18/21/24% All Elemental DMG Bonus when they possess 3 stacks."
Katsuragikiri Nagamasa,Claymore,4,42,Energy Recharge,"Increases Elemental Skill DMG by 6/7.5/9/10.5/12%. After Elemental Skill hits an opponent, the character loses 3 Energy but regenerates 3/3.5/4/4.5/5 Energy every 2s for the next 6s. This effect can occur once every 10s. Can be triggered even when the character is not on the field."
Key of Khaj-Nisut,Sword,5,44,HP,"HP increased by 20%. When an Elemental Skill hits opponents, you gain the Grand Hymn effect for 20s. This effect increases the equipping character's Elemental Mastery by 0.12% of their Max HP. This effect can trigger once every 0.3s. Max 3 stacks. When this effect gains 3 stacks, or when the third stack's duration is refreshed, the Elemental Mastery of all nearby party members will be increased by 0.2% of the equipping character's max HP for 20s."
King's Squire,Bow,4,41,ATK,"Obtain the Teachings of the Forest effect when unleashing Elemental Skills and Bursts, increasing Elemental Mastery by 60 for 12s. This effect will be removed when switching characters. When the Teachings of the Forest effect ends or is removed, it will deal 100% of ATK as DMG to 1 nearby opponent. The Teachings of the Forest effect can be triggered once every 20s."
Kitain Cross Spear,Polearm,4,44,Elemental Mastery,"Increases Elemental Skill DMG by 6/7.5/9/10.5/12%. After Elemental Skill hits an opponent, the character loses 3 Energy but regenerates 3/3.5/4/4.5/5 Energy every 2s for the next 6s. This effect can occur once every 10s. Can be triggered even when the character is not on the field."
Light of Foliar Incision,Sword,5,44,CRIT DMG,"CRIT Rate is increased by 4%. After Normal Attacks deal Elemental DMG, the Foliar Incision effect will be obtained, increasing DMG dealt by Normal Attacks and Elemental Skills by 120% of Elemental Mastery."
Lion's Roar,Sword,4,42,ATK,Increases DMG against enemies affected by Pyro or Electro by 20/24/28/32/36%.
Lithic Blade,Claymore,4,41,CRIT DMG,"For every character in the party who hails from Liyue, the character who equips this weapon gains 6/7/8/9/10% ATK increase and 2/3/4/5/6% CRIT Rate increase."
Lithic Spear,Polearm,4,42,ATK,"For every character in the party who hails from Liyue, the character who equips this weapon gains 7/8/9/10/11% ATK increase and a 3/4/5/6/7% CRIT Rate increase. This effect stacks up to 4 times."
Lost Prayer to the Sacred Winds,Catalyst,5,44,CRIT Rate,"Increases Movement SPD by 10%. When in battle, earn a 6/8/10/12/14% Elemental DMG Bonus every 4s. Max 4 stacks. Lasts until the character falls or leaves combat."
Lumidouce Elegy,Polearm,5,46,CRIT Rate,"ATK increased by 15%. After the equipping character triggers Burning on an opponent or deals Dendro DMG to Burning opponents, the DMG dealt is increased by 18%. This effect lasts for 8s, max 2 stacks. When 2 stacks are reached or when the duration is refreshed at 2 stacks, restore 12 Energy. Energy can be restored this way once every 12s. The 2 aforementioned effects can be triggered even when the character is off-field."
Luxurious Sea-Lord,Claymore,4,41,ATK,"Increases Elemental Burst DMG by 12/15/18/21/24%. When Elemental Burst hits opponents, there is a 100% chance of summoning a huge onrush of tuna that charges and deals 100/125/150/175/200% ATK as AoE DMG. This effect can occur once every 15s."
Magic Guide,Catalyst,3,38,Elemental Mastery,Increases DMG against enemies affected by Hydro or Electro by 12/15/18/21/24%.
Mailed Flower,Claymore,4,44,Elemental Mastery,"Within 8s after the character's Elemental Skill hits an opponent or the character triggers an Elemental Reaction, their ATK and Elemental Mastery will be increased by 12% and 48 respectively."
Makhaira Aquamarine,Claymore,4,42,Elemental Mastery,"The following effect will trigger every 10s: The equipping character will gain 24% of their Elemental Mastery as bonus ATK for 12s, with nearby party members gaining 30% of this buff for the same duration. Multiple instances of this weapon can allow this buff to stack. This effect will still trigger even if the character is not on the field."
Mappa Mare,Catalyst,4,44,Elemental Mastery,Triggering an Elemental reaction grants a 8/10/12/14/16% Elemental DMG Bonus for 10s. Max 2 stacks.
Memory of Dust,Catalyst,5,46,ATK,"Increase Shield Strength by 20/25/30/35/40%. Scoring hits on opponents increases ATK by 4/5/6/7/8% for 8s. Max 5 stacks. Can only occur once every 0.3s. While protected by a shield, this ATK increase effect is increased by 100%."
Messenger,Bow,3,40,CRIT DMG,Aimed Shot hits on weak spots deal an additional 100/125/150/175/200% ATK DMG as CRIT DMG. Can only occur once every 10s.
Missive Windspear,Polearm,4,42,ATK,"Within 10s after an Elemental Reaction is triggered, ATK is increased by 12/15/18/21/24% and Elemental Mastery is increased by 48/60/72/84/96."
Mistsplitter Reforged,Sword,5,48,CRIT DMG,"Gain a 12% Elemental DMG Bonus for every element and receive the might of Mistsplitter's Emblem. At stack levels 1/2/3, Mistsplitter's Emblem provides a 8/16/28% Elemental DMG Bonus for the character's Elemental Type. The character will obtain 1 stack of Mistsplitter's Emblem in each of the following scenarios: Normal Attack deals Elemental DMG (stack lasts 5s), casting Elemental Burst (stack lasts 10s); Energy is less than 100% (stack disappears when Energy is full). Each stack's duration is calculated independently."
Mitternachts Waltz,Bow,4,42,Physical DMG Bonus,Normal Attack hits on opponents increase Elemental Skill DMG by 20/25/30/35/40% for 5s. Elemental Skill hits on opponents increase Normal Attack DMG by 20/25/30/35/40% for 5s.
Moonpiercer,Polearm,4,44,Elemental Mastery,"After triggering Burning, Quicken, Aggravate, Spread, Bloom, Hyperbloom, or Burgeon, a Leaf of Revival will be created around the character for a maximum of 10s. When picked up, the Leaf will grant the character 16% ATK for 12s. Only 1 Leaf can be generated this way every 20s. This effect can still be triggered if the character is not on the field."
Mouun's Moon,Bow,4,44,ATK,"For every point of the entire party's combined maximum Energy capacity, the Elemental Burst DMG of the character equipping this weapon is increased by 0.12/0.15/0.18/0.21/0.24%. A maximum of 40/50/60/70/80% increased Elemental Burst DMG can be achieved this way."
Oathsworn Eye,Catalyst,4,44,ATK,Increases Energy Recharge by 24/30/36/42/48% for 10s after using an Elemental Skill.
Old Merc's Pal,Claymore,2,33,-,-
Otherworldly Story,Catalyst,3,39,Energy Recharge,Each Elemental Orb or Particle collected restores 1/1.25/1.5/1.75/2% HP.
Pocket Grimoire,Catalyst,2,33,-,-
Polar Star,Bow,5,46,CRIT Rate,"Elemental Skill and Elemental Burst DMG increased by 12/15/18/21/24%. After a Normal Attack, Charged Attack, Elemental Skill or Elemental Burst hits an opponent, 1 stack of Ashen Nightstar will be gained for 12s. When 1/2/3/4 stacks of Ashen Nightstar are present, ATK is increased by (10/12.5/15/17.5/20)/(20/25/30/35/40)/(30/37.5/45/52.5/60)/(48/60/72/84/96)%. The stack of Ashen Nightstar created by the Normal Attack, Charged Attack, Elemental Skill or Elemental Burst will be counted independently of the others."
Portable Power Saw,Claymore,4,41,HP,"When the wielder is healed or heals others, they will gain a Stoic's Symbol that lasts 30s, up to a maximum of 3 Symbols. When using their Elemental Skill or Burst, all Symbols will be consumed and the Roused effect will be granted for 10s. For each Symbol consumed, gain 40/50/60/70/80 Elemental Mastery, and 2s after the effect occurs, 2/2.5/3/3.5/4 Energy per Symbol consumed will be restored for said character. The Roused effect can be triggered once every 15s, and Symbols can be gained even when the character is not on the field."
Predator,Bow,4,42,ATK,"This weapon's effect is only applied on the following platform(s):'PlayStation Network' Dealing Cryo DMG to opponents increases this character's Normal and Charged Attack DMG by 10% for 6s. This effect can have a maximum of 2 stacks. Additionally, when Aloy equips Predator, ATK is increased by 66."
Primordial Jade Cutter,Sword,5,44,CRIT Rate,"HP increased by 20%/25%/30%/35%/40%. Additionally, provides an ATK Bonus based on 1.2%/1.5%/1.8%/2.1%/2.4% of the wielder's Max HP."
Primordial Jade Winged-Spear,Polearm,5,48,CRIT Rate,"On hit, increases ATK by 3.2/3.9/4.6/5.3/6% for 6s. Max 7 stacks. Can only occur once every 0.3s. Full stacks increase Skill DMG by 12/16/20/24/28%."
Prospector's Drill,Polearm,4,44,ATK,"When the wielder is healed or heals others, they will gain a Unity's Symbol that lasts 30s, up to a maximum of 3 Symbols. When using their Elemental Skill or Burst, all Symbols will be consumed and the Struggle effect will be granted for 10s. For each Symbol consumed, gain 3/4/5/6/7% ATK and 7/8.5/10/11.5/13% All Elemental DMG Bonus. The Struggle effect can be triggered once every 15s, and Symbols can be gained even when the character is not on the field."
Prototype Amber,Catalyst,4,42,HP,Using an Elemental Burst regenerates 4 Energy every 2s for 6s. All party members will regenerate 4% HP every 2s for this duration.
Prototype Archaic,Claymore,4,44,ATK,"On hit, Normal or Charged Attacks have a 50% chance to deal an additional 240/300/360/420/480% ATK DMG to enemies within a small radius. Can only occur once every 15s."
Prototype Crescent,Bow,4,42,ATK,Aimed Shot hits on weak points increase Movement SPD by 10% and ATK by 6% for 10s.
Prototype Starglitter,Polearm,4,42,Energy Recharge,"After using an Elemental Skill, increases Normal and Charged Attack DMG by 8% for 12s. Max 2 stacks."
Prototype Amber,Catalyst,4,42,HP,"Using an Elemental Burst regenerates 4/4.5/5/5.5/6 Energy every 2s for 6s. Additionally, all party members will regenerate 4/4.5/5/5.5/6% HP every 2s for this duration."
Prototype Rancour,Sword,4,44,Physical DMG Bonus,"On hit, Normal or Charged Attacks increase Base ATK and DEF by 4/4.5/5/5.5/6% for 6s. Max 4 stacks. Can only occur once every 0.3s."
Prototype Starglitter,Polearm,4,42,Energy Recharge,"After using an Elemental Skill, increases Normal and Charged Attack DMG by 8% for 12s. Max 2 stacks."
Quartz,Claymore,3,40,Elemental Mastery,"Upon causing an Overloaded, Melt, Burning, Vaporize, or a Pyro-infused Swirl reaction, increases Base ATK by 20/25/30/35/40% for 12s."
Rainslasher,Claymore,4,42,Elemental Mastery,Increases DMG against enemies affected by Hydro or Electro by 20/25/30/35/40%.
Range Gauge,Bow,4,44,ATK,"When the wielder is healed or heals others, they will gain a Unity's Symbol that lasts 30s, up to a maximum of 3 Symbols. When using their Elemental Skill or Burst, all Symbols will be consumed and the Struggle effect will be granted for 10s. For each Symbol consumed, gain 3/4/5/6/7% ATK and 7/8.5/10/11.5/% All Elemental DMG Bonus. The Struggle effect can be triggered once every 15s, and Symbols can be gained even when the character is not on the field."
Raven Bow,Bow,3,40,Elemental Mastery,Increases DMG against enemies affected by Hydro or Pyro by 12/15/18/21/24%.
Recurve Bow,Bow,3,38,HP,Defeating an opponent restores 8/10/12/14/16% HP.
Redhorn Stonethresher,Claymore,5,44,CRIT DMG,DEF is increased by 28/35/42/49/56%. Normal and Charged Attack DMG is increased by 40/50/60/70/80% of DEF.
Rightful Reward,Polearm,4,44,HP,"When the wielder is healed, restore 8 Energy. This effect can be triggered once every 10s, and can occur even when the character is not on the field."
Royal Bow,Bow,4,42,ATK,"Upon damaging an enemy, increases CRIT Rate by 8%. Max 5 stacks. A CRIT hit removes all stacks."
Royal Greatsword,Claymore,4,43,ATK,"Upon damaging an enemy, increases CRIT Rate by 8%. Max 5 stacks. A CRIT hit removes all stacks."
Royal Grimoire,Catalyst,4,44,ATK,"Upon damaging an enemy, increases CRIT Rate by 8%. Max 5 stacks. A CRIT hit removes all stacks."
Royal Longsword,Sword,4,42,ATK,"Upon damaging an enemy, increases CRIT Rate by 8%. Max 5 stacks. A CRIT hit removes all stacks."
Royal Spear,Polearm,4,44,ATK,"Upon damaging an opponent, increases CRIT Rate by 8%. Max 5 stacks. A CRIT Hit removes all stacks."
Rust,Bow,4,42,ATK,Increases Normal Attack DMG by 40/50/60/70/80% but decreases Aimed Shot DMG by 8/9/10/11/12%
Sacrificial Bow,Bow,4,44,Energy Recharge,"After damaging an opponent with an Elemental Skill, the skill has a 40/50/60/70/80% chance to end its own CD. Can only occur once every 30/26/22/18/14s."
Sacrificial Fragments,Catalyst,4,41,Elemental Mastery,"After damaging an opponent with an Elemental Skill, the skill has a 40/50/60/70/80% chance to end its own CD. Can only occur once every 30/26/22/18/14s."
Sacrificial Greatsword,Claymore,4,44,Energy Recharge,"After damaging an opponent with an Elemental Skill, the skill has a 40/50/60/70/80% chance to end its own CD. Can only occur once every 30/26/22/18/14s."
Sacrificial Jade,Catalyst,4,41,CRIT Rate,"When not on the field for more than 5s, Max HP will be increased by 32% and Elemental Mastery will be increased by 40. These effects will be canceled after the wielder has been on the field for 10s."
Sacrificial Sword,Sword,4,41,Energy Recharge,"After damaging an opponent with an Elemental Skill, the skill has a 40/50/60/70/80% chance to end its own CD. Can only occur once every 30/26/22/18/14s."
Sapwood Blade,Sword,4,44,Energy Recharge,"After triggering Burning, Quicken, Aggravate, Spread, Bloom, Hyperbloom, or Burgeon, a Leaf of Consciousness will be created around the character for a maximum of 10s. When picked up, the Leaf will grant the character 60 Elemental Mastery for 12s. Only 1 Leaf can be generated this way every 20s. This effect can still be triggered if the character is not on the field. The Leaf of Consciousness' effect cannot stack."
Scion Of The Blazing Sun,Bow,4,44,CRIT Rate,"After a Charged Attack hits an opponent, a Sunfire Arrow will descend upon the opponent hit, dealing 60% ATK as DMG, and applying the Heartsearer effect to the opponent damaged by said Arrow for 10s. Opponents affected by Heartsearer take 28% more Charged Attack DMG from the wielder. A Sunfire Arrow can be triggered once every 10s."
Seasoned Hunter's Bow,Bow,2,33,-,-
Serpent Spine,Claymore,4,42,CRIT Rate,"Every 4s a character is on the field, they will deal 6% more DMG and take 3% more DMG. This effect has a maximum of 5 stacks and will not be reset if the character leaves the field, but will be cleared when the character takes DMG."
Sharpshooter's Oath,Bow,3,39,CRIT DMG,Increases DMG against weak spots by 24/30/36/42/48%.
Silver Sword,Sword,2,33,-,-
Skyrider Greatsword,Claymore,3,39,Physical DMG Bonus,"On hit, Normal or Charged Attacks increase ATK by 6/7/8/9/10% for 6s. Max 4 stacks. Can only occur once every 0.5s."
Skyrider Sword,Sword,3,38,Energy Recharge,Using an Elemental Burst grants a 12/15/18/21/24% increase in ATK and Movement SPD for 12s.
Skyward Atlas,Catalyst,5,45,ATK,"Increases Elemental DMG Bonus by 12/15/18/21/24%. Normal Attack hits have a 50% chance to earn the favor of the clouds. which actively seek out nearby enemies to attack for 15s, dealing 160/200/240/280/320% ATK DMG. Can only occur once every 30s."
Skyward Blade,Sword,5,44,Energy Recharge,"CRIT Rate increased by 4%. Gains Skypiercing Might upon using an Elemental Burst:
Increases Movement SPD by 10%, increases ATK SPD by 10%, and increases the DMG of Normal and Charged Attack hits by 20% for 12s."
Skyward Harp,Bow,5,45,CRIT Rate,"Increases CRIT DMG by 20/25/30/35/40%. Hits have a 60/70/80/90/100% chance to inflict a small AoE attack, dealing 100% Physical ATK DMG. Can only occur once every 4s."
Skyward Pride,Claymore,5,45,Energy Recharge,"Increases all DMG by 8/10/12/14/16%. After using an Elemental Burst, Normal or Charged Attack, on hit, creates a vacuum blade that does 80/100/120/140/160% Physical DMG to enemies along its path. Lasts for 20s or 8 vacuum blades."
Skyward Spine,Polearm,5,48,Energy Recharge,"Increases CRIT Rate by 8% and increases Normal ATK SPD by 12%. Additionally, Normal and Charged Attacks hits on enemies have a 50% chance to trigger a vacuum blade that deals 40% of ATK as DMG in a small AoE. This effect can occur no more than once every 2s."
Slingshot,Bow,3,38,CRIT Rate,"If a Normal Attack or Aimed Shot hits a target within 0.3s of being fired, increases DMG by 36/42/48/54/60%; otherwise, it decreases DMG by 10%."
Snow-Tombed Starsilver,Claymore,4,44,Physical DMG Bonus,"Hitting an opponent with Normal and Charged Attacks has a 60% chance of forming and dropping an Everfrost Icicle above them, dealing 80% AoE ATK DMG. Opponents affected by Cryo are dealt 200% ATK DMG. Can only occur once every 10s."
Solar Pearl,Catalyst,4,42,CRIT Rate,"Normal Attack hits increase Elemental Skill and Elemental Burst DMG by 20/25/30/35/40% for 6s. Likewise, Elemental Skill or Elemental Burst hits increase Normal Attack DMG by 20/25/30/35/40% for 6s."
Song of Broken Pines,Claymore,5,49,Physical DMG Bonus,"A part of the 'Millennial Movement' that wanders amidst the winds. Increases ATK by 16%, and when Normal or Charged Attacks hit opponents, the character gains a Sigil of Whispers. This effect can be triggered once every 0.3s. When you possess four Sigils of 'Whispers, all of them will be consumed and all nearby party members will obtain the 'Millennial Movement: Banner-Hymn' effect for 12s. 'Millennial Movement: Banner-Hymn' increases Normal ATK SPD by 12% and increases ATK by 20%. Once this effect is triggered, you will not gain Sigils of Whispers for 20s. Of the many effects of the 'Millennial Movement', buffs of the same type will not stack."
Song Of Stillness,Bow,4,42,ATK,"After the wielder is healed, they will deal 16% more DMG for 8s. This can be triggered even when the character is not on the field."
Splendor of Tranquil Waters,Sword,5,44,CRIT DMG,"When the equipping character's current HP increases or decreases, Elemental Skill DMG dealt will be increased by 8/10/12/14/16% for 6s. Max 3 stacks. This effect can be triggered once every 0.2s. When other party members' current HP increases or decreases, the equipping character's Max HP will be increased by 14/17.5/21/24.5/28% for 6s. Max 2 stacks. This effect can be triggered once every 0.2s. The aforementioned effects can be triggered even if the wielder is off-field."
Staff of Homa,Polearm,5,46,CRIT DMG,"HP increased by 20/25/30/35/40%. Additionally, provides an ATK Bonus based on 0.8/1/1.2/1.4/1.6% of the wielder's Max HP. When the wielder's HP is less than 50%, this ATK Bonus is increased by an additional 1/1.2/1.4/1.6/1.8% of Max HP."
Moonpiercer,Polearm,5,44,CRIT Rate,"The equipping character gains 52% of their Elemental Mastery as bonus ATK. When an Elemental Skill hits opponents, the Dream of the Scarlet Sands effect will be gained for 10s: The equipping character will gain 28% of their Elemental Mastery as bonus ATK. Max 3 stacks."
Summit Shaper,Sword,5,46,ATK,"Increases Shield Strength by 20/25/30/35/40%. Scoring hits on opponents increases ATK by 4/5/6/7/8% for 8s. Max 5 stacks. Can only occur once every 0.3s. While protected by a shield, this ATK increase effect is increased by 100%."
Sword of Descension,Sword,4,39,ATK,"Hitting enemies with Normal or Charged Attacks grants a 50% chance to deal 200% ATK as DMG in a small AoE. This effect can only occur once every 10s. Additionally, if the Traveler equips the Sword of Descension, their ATK is increased by 66."
Sword of Narzissenkreuz,Sword,4,42,ATK,"In countless stories, the weapon that befits the legendary hero is also the key to opening all gates, required to surpass the climax and reach destiny's denouement."
Talking Stick,Claymore,4,44,CRIT Rate,"ATK will be increased by 16% for 15s after being affected by Pyro. This effect can be triggered once every 12s. All Elemental DMG Bonus will be increased by 12% for 15s after being affected by Hydro, Cryo, Electro, or Dendro. This effect can be triggered once every 12s."
The Alley Flash,Sword,4,44,CRIT Rate,Continuosly sprinting for at least 1s increases ATK by 28% for 6s. This effect cannot stack.
The Bell,Claymore,4,42,HP,"Taking DMG generates a shield which absorbs DMG up to 20/23/26/29/32% of Max HP. This shield lasts for 10s or until broken, and can only be triggered once every 45s. While protected by the shield, the character gains 12/15/18/21/24% increased DMG."
The Black Sword,Sword,4,42,CRIT Rate,"Increases DMG dealt by Normal and Charged Attacks by 20%.
Additionally, regenerates 60% of ATK as HP when Normal and Charged Attacks score a CRIT Hit. This effect can occur once every 5s."
The Catch,Polearm,4,42,Energy Recharge,Increases Elemental Burst DMG by 16/20/24/28/32% and Elemental Burst CRIT Rate by 6/7.5/9/10.5/12%.
The Dockhand's Assistant,Sword,4,42,HP,"When the wielder is healed or heals others, they will gain a Stoic's Symbol that lasts 30s, up to a maximum of 3 Symbols. When using their Elemental Skill or Burst, all Symbols will be consumed and the Roused effect will be granted for 10s. For each Symbol consumed, gain 40/50/60/70/80 Elemental Mastery, and 2s after the effect occurs, 2/2.5/3/3.5/4 Energy per Symbol consumed will be restored for said character. The Roused effect can be triggered once every 15s, and Symbols can be gained even when the character is not on the field."
The First Great Magic,Bow,5,46,CRIT DMG,"DMG dealt by Charged Attacks increased by 16%. For every party member with the same Elemental Type as the wielder (including the wielder themselves), gain 1 Gimmick stack. For every party member with a different Elemental Type from the wielder, gain 1 Theatrics stack. When the wielder has 1/2/3 or more Gimmick stacks, ATK will be increased by 16%/32%/48%. When the wielder has 1/2/3 or more Theatrics stacks, Movement SPD will be increased by 4%/7%/10%."
The Flute,Sword,4,42,ATK,"Normal or Charged Attacks grant Harmonic on hits. Gaining 5 Harmonics triggers the power of music and deals 100/125/150/175/200% ATK DMG to surrounding enemies. Harmonics last up to 30s, and a maximum of 1 can be gained every 0.5s."
The Stringless,Bow,4,42,Elemental Mastery,Increases Elemental Skill and Elemental Burst DMG by 24/30/36/42/48%.
The Unforged,Claymore,5,46,ATK,"Increases Shield Strength by 20/25/30/35/40%, scoring hits on opponents increases ATK by 4/5/6/7/8% for 8s. Max 5 stacks. Can only occur once every 0.3s. While protected by a shield this ATK increase effect is increased by 100%"
The Viridescent Hunt,Bow,4,42,CRIT Rate,"Upon hit, Normal and Aimed Shot Attacks have a 50% chance to generate a Cyclone, which will continuously attract surrounding enemies, dealing 40% of ATK as DMG to these enemies every 0.5s for 4s. This effect can only occur once every 14s."
The Widsith,Catalyst,4,42,CRIT DMG,"When the character takes the field, they gain a random theme song for 10s:
Recitative: Increases Base ATK by 60%
Interlude: Elemental Mastery is increased by 240
Aria: Increases all Elemental DMG by 48%
Can only occur once every 30s"
Thrilling Tales of Dragon Slayers,Catalyst,3,39,HP,"When switching characters, the new character taking the field has their ATK increased by 24/30/36/42/48% for 10s. This effect can only occur once every 20s."
Thundering Pulse,Bow,5,46,CRIT DMG,"Increases ATK by 20% and grants the might of the Thunder Emblem. At stack levels 1/2/3, the Thunder Emblem increases Normal Attack DMG by 12/24/40%. The character will obtain 1 stack of Thunder Emblem in each of the following scenarios: Normal Attack deals DMG (stack lasts 5s), casting Elemental Skill (stack lasts 10s); Energy is less than 100% (stack disappears when Energy is full). Each stack's duration is calculated independently."
Tidal Shadow,Claymore,4,42,ATK,"After the wielder is healed, ATK will be increased by 24% for 8s. This can be triggered even when the character is not on the field."
Tome of the Eternal Flow,Catalyst,5,44,CRIT DMG,"HP is increased by 16/20/24/28/32%. When current HP increases or decreases, Charged Attack DMG will be increased by 14/18/22/26/30% for 4s. Max 3 stacks, can be triggered once every 0.3s. When you have 3 stacks or refresh a third stack's duration, 8/9/10/11/12 Energy will be restored. This Energy restoration effect can be triggered once every 12s."
Toukabou Shigure,Sword,4,42,Elemental Mastery,"After an attack hits opponents, it will inflict an instance of Cursed Parasol upon one of them for 10s. This effect can be triggered once every 15s. If this opponent is defeated during Cursed Parasol's duration, Cursed Parasol's CD will be refreshed immediately. The character wielding this weapon will deal 16/20/24/28/32% more DMG to the opponent affected by Cursed Parasol."
Traveler's Handy Sword,Sword,3,40,DEF,Each Elemental Orb or Particle collected restores 1/1.25/1.5/1.75/2% HP.
Tulaytullah's Remembrance,Catalyst,5,48,CRIT DMG,"Normal Attack SPD is increased by 10%. After the wielder unleashes an Elemental Skill, Normal Attack DMG will increase by 4.8% every second for 14s. After this character hits an opponent with a Normal Attack during this duration, Normal Attack DMG will be increased by 9.6%. This increase can be triggered once every 0.3s."
Twin Nephrite,Catalyst,3,40,CRIT Rate,Defeating an enemy increases Movement SPD and ATK by 12/14/16/18/20% for 15s.
Ultimate Overlord's Mega Magic Sword,Claymore,4,44,Energy Recharge,"ATK increased by 12/15/18/21/24%. That's not all! The support from all Melusines you've helped in Merusea Village fills you with strength! Based on the number of them you've helped, your ATK is increased by up to an additional 12/15/18/21/24%."
Uraku Misugiri,Sword,5,44,CRIT DMG,"Normal Attack DMG is increased by 16/20/24/28/32% and Elemental Skill DMG is increased by 24/30/36/42/48%. After a nearby active character deals Geo DMG, the aforementioned effects increase by 100% for 15s. Additionally, the wielder's DEF is increased by 20/25/30/35/40%."
Verdict,Claymore,5,48,CRIT Rate,"Increases ATK by 20/25/30/35/40%. When characters in your party obtain Elemental Shards from Crystallize reactions, the equipping character will gain 1 Seal, increasing Elemental Skill DMG by 18/22.5/27/31.5/36%. The Seal lasts for 15s, and the equipped may have up to 2 Seals at once. All of the equipper's Seals will disappear 0.2s after their Elemental Skill deals DMG."
Vortex Vanquisher,Polearm,5,46,ATK,"Increases Shield Strength by 20/25/30/35/40%, scoring hits on opponents increases ATK by 4/5/6/7/8% for 8s. Max 5 stacks. Can only occur once every 0.3s. While protected by a shield this ATK increase effect is increased by 100%"
Wandering Evenstar,Catalyst,4,42,Elemental Mastery,"The following effect will trigger every 10s: The equipping character will gain 24% of their Elemental Mastery as bonus ATK for 12s, with nearby party members gaining 30% of this buff for the same duration. Multiple instances of this weapon can allow this buff to stack. This effect will still trigger even if the character is not on the field."
Waster Greatsword,Claymore,1,23,-,-
Wavebreaker's Fin,Polearm,4,45,ATK,"For every point of the entire party's combined maximum Energy capacity, the Elemental Burst DMG of the character equipping this weapon is increased by 0.12/0.15/0.18/0.21/0.24%. A maximum of 40/50/60/70/80% increased Elemental Burst DMG can be achieved this way."
White Iron Greatsword,Claymore,3,39,DEF,Defeating an opponent restores 8/10/12/14/16% HP.
White Tassel,Polearm,3,39,CRIT Rate,Increases Normal Attack DMG by 24/30/36/42/48%.
Whiteblind,Claymore,4,42,DEF,"On hit, Normal or Charged Attacks increase Base ATK and DEF by 6/7.5/9/10.5/12% for 6s. Max 4 stacks. Can only occur once every 0.5s."
Windblume Ode,Bow,4,42,Elemental Mastery,"After using an Elemental Skill, receive a boon from the ancient wish of the Windblume, increasing ATK by 16/20/24/28/32% for 6s."
Wine and Song,Catalyst,4,42,Energy Recharge,"For every character in the party who hails from Mondstadt, the character who equips this weapon gains 8/10/12/14/16% ATK increase and 3/3.5/4/4.5/5% Movement SPD increase."
Wolf-Fang,Sword,4,42,CRIT Rate,"DMG dealt by Elemental Skill and Elemental Burst is increased by 16%. When an Elemental Skill hits an opponent, its CRIT Rate will be increased by 2%. When an Elemental Burst hits an opponent, its CRIT Rate will be increased by 2%. Both of these effects last 10s separately, have 4 max stacks, and can be triggered once every 0.1s."
Wolf's Gravestone,Claymore,5,46,ATK,"Increases Base ATK by 20/25/30/35/40%. On hit, attacks against enemies with less than 30% HP increase all party members' Base ATK by 40/50/60/70/80% for 12s. Can only occur once every 30s."
Xiphos' Moonlight,Sword,4,42,Elemental Mastery,"The following effect will trigger every 10s: The equipping character will gain 0.036% Energy Recharge for each point of Elemental Mastery they possess for 12s, with nearby party members gaining 30% of this buff for the same duration. Multiple instances of this weapon can allow this buff to stack. This effect will still trigger even if the character is not on the field."
